Annualized Return (%),Sharpe Ratio,Sortino Ratio,Standard Deviation (%),Downside Deviation (%),Category
0.13806687660803818,0.789688631498856,1.1158790452530318,0.16381683723591448,0.11593039098961312,Large-Cap
0.11322950696586598,0.561764141287024,0.8608542228210375,0.19098422478057026,0.12462979931914567,Mid-Cap
0.10269322538750969,0.45499460801870173,0.7531450561162353,0.2148916392705927,0.129821654384371,Small-Cap
0.04532918473984382,0.4417586542234831,0.6631746795639203,0.10036191564452436,0.0668537960761249,Micro-Cap
