Annualized Return (%),Sharpe Ratio,Sortino Ratio,Standard Deviation (%),Downside Deviation (%),Category
0.09784394180693434,0.5377158715780669,0.7688941482842627,0.17363351169767782,0.12142828149494483,Large-Cap
0.07436795358722015,0.361135481588765,0.5568804211438821,0.19865882081019523,0.12882972035141763,Mid-Cap
0.06336316551833443,0.2808637326467236,0.4633689290219071,0.21876862537928488,0.1326031351297483,Small-Cap
0.03428469188171279,0.3021423356069553,0.47482151771061276,0.11157762305094737,0.07099999130753838,Micro-Cap
